mes;ano;salario_minimo
07;1940;240 mil réis
08;1940;240 mil réis
09;1940;240 mil réis
10;1940;240 mil réis
11;1940;240 mil réis
12;1940;240 mil réis
01;1941;240 mil réis
02;1941;240 mil réis
03;1941;240 mil réis
04;1941;240 mil réis
05;1941;240 mil réis
06;1941;240 mil réis
07;1941;240 mil réis
08;1941;240 mil réis
09;1941;240 mil réis
10;1941;240 mil réis
11;1941;240 mil réis
12;1941;240 mil réis
01;1942;240 mil réis
02;1942;240 mil réis
03;1942;240 mil réis
04;1942;240 mil réis
05;1942;240 mil réis
06;1942;240 mil réis
07;1942;240 mil réis
08;1942;240 mil réis
09;1942;240 mil réis
10;1942;240 mil réis
11;1942;240 mil réis
12;1942;240 mil réis
01;1943;Cr$ 300,00
02;1943;Cr$ 300,00
03;1943;Cr$ 300,00
04;1943;Cr$ 300,00
05;1943;Cr$ 300,00
06;1943;Cr$ 300,00
07;1943;Cr$ 300,00
08;1943;Cr$ 300,00
09;1943;Cr$ 300,00
10;1943;Cr$ 300,00
11;1943;Cr$ 300,00
12;1943;Cr$ 380,00
01;1944;Cr$ 380,00
02;1944;Cr$ 380,00
03;1944;Cr$ 380,00
04;1944;Cr$ 380,00
05;1944;Cr$ 380,00
06;1944;Cr$ 380,00
07;1944;Cr$ 380,00
08;1944;Cr$ 380,00
09;1944;Cr$ 380,00
10;1944;Cr$ 380,00
11;1944;Cr$ 380,00
12;1944;Cr$ 380,00
01;1945;Cr$ 380,00
02;1945;Cr$ 380,00
03;1945;Cr$ 380,00
04;1945;Cr$ 380,00
05;1945;Cr$ 380,00
06;1945;Cr$ 380,00
07;1945;Cr$ 380,00
08;1945;Cr$ 380,00
09;1945;Cr$ 380,00
10;1945;Cr$ 380,00
11;1945;Cr$ 380,00
12;1945;Cr$ 380,00
01;1946;Cr$ 380,00
02;1946;Cr$ 380,00
03;1946;Cr$ 380,00
04;1946;Cr$ 380,00
05;1946;Cr$ 380,00
06;1946;Cr$ 380,00
07;1946;Cr$ 380,00
08;1946;Cr$ 380,00
09;1946;Cr$ 380,00
10;1946;Cr$ 380,00
11;1946;Cr$ 380,00
12;1946;Cr$ 380,00
01;1947;Cr$ 380,00
02;1947;Cr$ 380,00
03;1947;Cr$ 380,00
04;1947;Cr$ 380,00
05;1947;Cr$ 380,00
06;1947;Cr$ 380,00
07;1947;Cr$ 380,00
08;1947;Cr$ 380,00
09;1947;Cr$ 380,00
10;1947;Cr$ 380,00
11;1947;Cr$ 380,00
12;1947;Cr$ 380,00
01;1948;Cr$ 380,00
02;1948;Cr$ 380,00
03;1948;Cr$ 380,00
04;1948;Cr$ 380,00
05;1948;Cr$ 380,00
06;1948;Cr$ 380,00
07;1948;Cr$ 380,00
08;1948;Cr$ 380,00
09;1948;Cr$ 380,00
10;1948;Cr$ 380,00
11;1948;Cr$ 380,00
12;1948;Cr$ 380,00
01;1949;Cr$ 380,00
02;1949;Cr$ 380,00
03;1949;Cr$ 380,00
04;1949;Cr$ 380,00
05;1949;Cr$ 380,00
06;1949;Cr$ 380,00
07;1949;Cr$ 380,00
08;1949;Cr$ 380,00
09;1949;Cr$ 380,00
10;1949;Cr$ 380,00
11;1949;Cr$ 380,00
12;1949;Cr$ 380,00
01;1950;Cr$ 380,00
02;1950;Cr$ 380,00
03;1950;Cr$ 380,00
04;1950;Cr$ 380,00
05;1950;Cr$ 380,00
06;1950;Cr$ 380,00
07;1950;Cr$ 380,00
08;1950;Cr$ 380,00
09;1950;Cr$ 380,00
10;1950;Cr$ 380,00
11;1950;Cr$ 380,00
12;1950;Cr$ 380,00
01;1951;Cr$ 380,00
02;1951;Cr$ 380,00
03;1951;Cr$ 380,00
04;1951;Cr$ 380,00
05;1951;Cr$ 380,00
06;1951;Cr$ 380,00
07;1951;Cr$ 380,00
08;1951;Cr$ 380,00
09;1951;Cr$ 380,00
10;1951;Cr$ 380,00
11;1951;Cr$ 380,00
12;1951;Cr$ 380,00
01;1952;Cr$ 1200,00
02;1952;Cr$ 1200,00
03;1952;Cr$ 1200,00
04;1952;Cr$ 1200,00
05;1952;Cr$ 1200,00
06;1952;Cr$ 1200,00
07;1952;Cr$ 1200,00
08;1952;Cr$ 1200,00
09;1952;Cr$ 1200,00
10;1952;Cr$ 1200,00
11;1952;Cr$ 1200,00
12;1952;Cr$ 1200,00
01;1953;Cr$ 1200,00
02;1953;Cr$ 1200,00
03;1953;Cr$ 1200,00
04;1953;Cr$ 1200,00
05;1953;Cr$ 1200,00
06;1953;Cr$ 1200,00
07;1953;Cr$ 1200,00
08;1953;Cr$ 1200,00
09;1953;Cr$ 1200,00
10;1953;Cr$ 1200,00
11;1953;Cr$ 1200,00
12;1953;Cr$ 1200,00
01;1954;Cr$ 1200,00
02;1954;Cr$ 1200,00
03;1954;Cr$ 1200,00
04;1954;Cr$ 1200,00
05;1954;Cr$ 1200,00
06;1954;Cr$ 1200,00
07;1954;Cr$ 2400,00
08;1954;Cr$ 2400,00
09;1954;Cr$ 2400,00
10;1954;Cr$ 2400,00
11;1954;Cr$ 2400,00
12;1954;Cr$ 2400,00
01;1955;Cr$ 2400,00
02;1955;Cr$ 2400,00
03;1955;Cr$ 2400,00
04;1955;Cr$ 2400,00
05;1955;Cr$ 2400,00
06;1955;Cr$ 2400,00
07;1955;Cr$ 2400,00
08;1955;Cr$ 2400,00
09;1955;Cr$ 2400,00
10;1955;Cr$ 2400,00
11;1955;Cr$ 2400,00
12;1955;Cr$ 2400,00
01;1956;Cr$ 2400,00
02;1956;Cr$ 2400,00
03;1956;Cr$ 2400,00
04;1956;Cr$ 2400,00
05;1956;Cr$ 2400,00
06;1956;Cr$ 2400,00
07;1956;Cr$ 2400,00
08;1956;Cr$ 3800,00
09;1956;Cr$ 3800,00
10;1956;Cr$ 3800,00
11;1956;Cr$ 3800,00
12;1956;Cr$ 3800,00
01;1957;Cr$ 3800,00
02;1957;Cr$ 3800,00
03;1957;Cr$ 3800,00
04;1957;Cr$ 3800,00
05;1957;Cr$ 3800,00
06;1957;Cr$ 3800,00
07;1957;Cr$ 3800,00
08;1957;Cr$ 3800,00
09;1957;Cr$ 3800,00
10;1957;Cr$ 3800,00
11;1957;Cr$ 3800,00
12;1957;Cr$ 3800,00
01;1958;Cr$ 3800,00
02;1958;Cr$ 3800,00
03;1958;Cr$ 3800,00
04;1958;Cr$ 3800,00
05;1958;Cr$ 3800,00
06;1958;Cr$ 3800,00
07;1958;Cr$ 3800,00
08;1958;Cr$ 3800,00
09;1958;Cr$ 3800,00
10;1958;Cr$ 3800,00
11;1958;Cr$ 3800,00
12;1958;Cr$ 3800,00
01;1959;Cr$ 6000,00
02;1959;Cr$ 6000,00
03;1959;Cr$ 6000,00
04;1959;Cr$ 6000,00
05;1959;Cr$ 6000,00
06;1959;Cr$ 6000,00
07;1959;Cr$ 6000,00
08;1959;Cr$ 6000,00
09;1959;Cr$ 6000,00
10;1959;Cr$ 6000,00
11;1959;Cr$ 6000,00
12;1959;Cr$ 6000,00
01;1960;Cr$ 6000,00
02;1960;Cr$ 6000,00
03;1960;Cr$ 6000,00
04;1960;Cr$ 6000,00
05;1960;Cr$ 6000,00
06;1960;Cr$ 6000,00
07;1960;Cr$ 6000,00
08;1960;Cr$ 6000,00
09;1960;Cr$ 6000,00
10;1960;Cr$ 9600,00
11;1960;Cr$ 9600,00
12;1960;Cr$ 9600,00
01;1961;Cr$ 9600,00
02;1961;Cr$ 9600,00
03;1961;Cr$ 9600,00
04;1961;Cr$ 9600,00
05;1961;Cr$ 9600,00
06;1961;Cr$ 9600,00
07;1961;Cr$ 9600,00
08;1961;Cr$ 9600,00
09;1961;Cr$ 9600,00
10;1961;Cr$ 13440,00
11;1961;Cr$ 13440,00
12;1961;Cr$ 13440,00
01;1962;Cr$ 13440,00
02;1962;Cr$ 13440,00
03;1962;Cr$ 13440,00
04;1962;Cr$ 13440,00
05;1962;Cr$ 13440,00
06;1962;Cr$ 13440,00
07;1962;Cr$ 13440,00
08;1962;Cr$ 13440,00
09;1962;Cr$ 13440,00
10;1962;Cr$ 13440,00
11;1962;Cr$ 13440,00
12;1962;Cr$ 13440,00
01;1963;Cr$ 21000,00
02;1963;Cr$ 21000,00
03;1963;Cr$ 21000,00
04;1963;Cr$ 21000,00
05;1963;Cr$ 21000,00
06;1963;Cr$ 21000,00
07;1963;Cr$ 21000,00
08;1963;Cr$ 21000,00
09;1963;Cr$ 21000,00
10;1963;Cr$ 21000,00
11;1963;Cr$ 21000,00
12;1963;Cr$ 21000,00
01;1964;Cr$ 21000,00
02;1964;Cr$ 42000,00
03;1964;Cr$ 42000,00
04;1964;Cr$ 42000,00
05;1964;Cr$ 42000,00
06;1964;Cr$ 42000,00
07;1964;Cr$ 42000,00
08;1964;Cr$ 42000,00
09;1964;Cr$ 42000,00
10;1964;Cr$ 42000,00
11;1964;Cr$ 42000,00
12;1964;Cr$ 42000,00
01;1965;Cr$ 42000,00
02;1965;Cr$ 66000,00
03;1965;Cr$ 66000,00
04;1965;Cr$ 66000,00
05;1965;Cr$ 66000,00
06;1965;Cr$ 66000,00
07;1965;Cr$ 66000,00
08;1965;Cr$ 66000,00
09;1965;Cr$ 66000,00
10;1965;Cr$ 66000,00
11;1965;Cr$ 66000,00
12;1965;Cr$ 66000,00
01;1966;Cr$ 66000,00
02;1966;Cr$ 66000,00
03;1966;Cr$ 84000,00
04;1966;Cr$ 84000,00
05;1966;Cr$ 84000,00
06;1966;Cr$ 84000,00
07;1966;Cr$ 84000,00
08;1966;Cr$ 84000,00
09;1966;Cr$ 84000,00
10;1966;Cr$ 84000,00
11;1966;Cr$ 84000,00
12;1966;Cr$ 84000,00
01;1967;Cr$ 84000,00
02;1967;Cr$ 84000,00
03;1967;NCr$ 105,00
04;1967;NCr$ 105,00
05;1967;NCr$ 105,00
06;1967;NCr$ 105,00
07;1967;NCr$ 105,00
08;1967;NCr$ 105,00
09;1967;NCr$ 105,00
10;1967;NCr$ 105,00
11;1967;NCr$ 105,00
12;1967;NCr$ 105,00
01;1968;NCr$ 105,00
02;1968;NCr$ 105,00
03;1968;NCr$ 129,60
04;1968;NCr$ 129,60
05;1968;NCr$ 129,60
06;1968;NCr$ 129,60
07;1968;NCr$ 129,60
08;1968;NCr$ 129,60
09;1968;NCr$ 129,60
10;1968;NCr$ 129,60
11;1968;NCr$ 129,60
12;1968;NCr$ 129,60
01;1969;NCr$ 129,60
02;1969;NCr$ 129,60
03;1969;NCr$ 129,60
04;1969;NCr$ 129,60
05;1969;NCr$ 156,00
06;1969;NCr$ 156,00
07;1969;NCr$ 156,00
08;1969;NCr$ 156,00
09;1969;NCr$ 156,00
10;1969;NCr$ 156,00
11;1969;NCr$ 156,00
12;1969;NCr$ 156,00
01;1970;NCr$ 156,00
02;1970;NCr$ 156,00
03;1970;NCr$ 156,00
04;1970;NCr$ 156,00
05;1970;NCr$ 187,20
06;1970;NCr$ 187,20
07;1970;NCr$ 187,20
08;1970;NCr$ 187,20
09;1970;NCr$ 187,20
10;1970;NCr$ 187,20
11;1970;NCr$ 187,20
12;1970;NCr$ 187,20
01;1971;NCr$ 187,20
02;1971;NCr$ 187,20
03;1971;NCr$ 187,20
04;1971;NCr$ 187,20
05;1971;Cr$ 225,60
06;1971;Cr$ 225,60
07;1971;Cr$ 225,60
08;1971;Cr$ 225,60
09;1971;Cr$ 225,60
10;1971;Cr$ 225,60
11;1971;Cr$ 225,60
12;1971;Cr$ 225,60
01;1972;Cr$ 225,60
02;1972;Cr$ 225,60
03;1972;Cr$ 225,60
04;1972;Cr$ 225,60
05;1972;Cr$ 268,80
06;1972;Cr$ 268,80
07;1972;Cr$ 268,80
08;1972;Cr$ 268,80
09;1972;Cr$ 268,80
10;1972;Cr$ 268,80
11;1972;Cr$ 268,80
12;1972;Cr$ 268,80
01;1973;Cr$ 268,80
02;1973;Cr$ 268,80
03;1973;Cr$ 268,80
04;1973;Cr$ 268,80
05;1973;Cr$ 312,00
06;1973;Cr$ 312,00
07;1973;Cr$ 312,00
08;1973;Cr$ 312,00
09;1973;Cr$ 312,00
10;1973;Cr$ 312,00
11;1973;Cr$ 312,00
12;1973;Cr$ 312,00
01;1974;Cr$ 312,00
02;1974;Cr$ 312,00
03;1974;Cr$ 312,00
04;1974;Cr$ 312,00
05;1974;Cr$ 376,80
06;1974;Cr$ 376,80
07;1974;Cr$ 376,80
08;1974;Cr$ 376,80
09;1974;Cr$ 376,80
10;1974;Cr$ 376,80
11;1974;Cr$ 376,80
12;1974;Cr$ 415,20
01;1975;Cr$ 415,20
02;1975;Cr$ 415,20
03;1975;Cr$ 415,20
04;1975;Cr$ 415,20
05;1975;Cr$ 532,80
06;1975;Cr$ 532,80
07;1975;Cr$ 532,80
08;1975;Cr$ 532,80
09;1975;Cr$ 532,80
10;1975;Cr$ 532,80
11;1975;Cr$ 532,80
12;1975;Cr$ 532,80
01;1976;Cr$ 532,80
02;1976;Cr$ 532,80
03;1976;Cr$ 532,80
04;1976;Cr$ 532,80
05;1976;Cr$ 768,00
06;1976;Cr$ 768,00
07;1976;Cr$ 768,00
08;1976;Cr$ 768,00
09;1976;Cr$ 768,00
10;1976;Cr$ 768,00
11;1976;Cr$ 768,00
12;1976;Cr$ 768,00
01;1977;Cr$ 768,00
02;1977;Cr$ 768,00
03;1977;Cr$ 768,00
04;1977;Cr$ 768,00
05;1977;Cr$ 1106,40
06;1977;Cr$ 1106,40
07;1977;Cr$ 1106,40
08;1977;Cr$ 1106,40
09;1977;Cr$ 1106,40
10;1977;Cr$ 1106,40
11;1977;Cr$ 1106,40
12;1977;Cr$ 1106,40
01;1978;Cr$ 1106,40
02;1978;Cr$ 1106,40
03;1978;Cr$ 1106,40
04;1978;Cr$ 1106,40
05;1978;Cr$ 1560,00
06;1978;Cr$ 1560,00
07;1978;Cr$ 1560,00
08;1978;Cr$ 1560,00
09;1978;Cr$ 1560,00
10;1978;Cr$ 1560,00
11;1978;Cr$ 1560,00
12;1978;Cr$ 1560,00
01;1979;Cr$ 1560,00
02;1979;Cr$ 1560,00
03;1979;Cr$ 1560,00
04;1979;Cr$ 1560,00
05;1979;Cr$ 2268,00
06;1979;Cr$ 2268,00
07;1979;Cr$ 2268,00
08;1979;Cr$ 2268,00
09;1979;Cr$ 2268,00
10;1979;Cr$ 2268,00
11;1979;Cr$ 2932,80
12;1979;Cr$ 2932,80
01;1980;Cr$ 2932,80
02;1980;Cr$ 2932,80
03;1980;Cr$ 2932,80
04;1980;Cr$ 2932,80
05;1980;Cr$ 4149,60
06;1980;Cr$ 4149,60
07;1980;Cr$ 4149,60
08;1980;Cr$ 4149,60
09;1980;Cr$ 4149,60
10;1980;Cr$ 4149,60
11;1980;Cr$ 5788,80
12;1980;Cr$ 5788,80
01;1981;Cr$ 5788,80
02;1981;Cr$ 5788,80
03;1981;Cr$ 5788,80
04;1981;Cr$ 5788,80
05;1981;Cr$ 8464,80
06;1981;Cr$ 8464,80
07;1981;Cr$ 8464,80
08;1981;Cr$ 8464,80
09;1981;Cr$ 8464,80
10;1981;Cr$ 8464,80
11;1981;Cr$ 11928,00
12;1981;Cr$ 11928,00
01;1982;Cr$ 11928,00
02;1982;Cr$ 11928,00
03;1982;Cr$ 11928,00
04;1982;Cr$ 11928,00
05;1982;Cr$ 16608,00
06;1982;Cr$ 16608,00
07;1982;Cr$ 16608,00
08;1982;Cr$ 16608,00
09;1982;Cr$ 16608,00
10;1982;Cr$ 16608,00
11;1982;Cr$ 23568,00
12;1982;Cr$ 23568,00
01;1983;Cr$ 23568,00
02;1983;Cr$ 23568,00
03;1983;Cr$ 23568,00
04;1983;Cr$ 23568,00
05;1983;Cr$ 34776,00
06;1983;Cr$ 34776,00
07;1983;Cr$ 34776,00
08;1983;Cr$ 34776,00
09;1983;Cr$ 34776,00
10;1983;Cr$ 34776,00
11;1983;Cr$ 57120,00
12;1983;Cr$ 57120,00
01;1984;Cr$ 57120,00
02;1984;Cr$ 57120,00
03;1984;Cr$ 57120,00
04;1984;Cr$ 57120,00
05;1984;Cr$ 97176,00
06;1984;Cr$ 97176,00
07;1984;Cr$ 97176,00
08;1984;Cr$ 97176,00
09;1984;Cr$ 97176,00
10;1984;Cr$ 97176,00
11;1984;Cr$ 166560,00
12;1984;Cr$ 166560,00
01;1985;Cr$ 166560,00
02;1985;Cr$ 166560,00
03;1985;Cr$ 166560,00
04;1985;Cr$ 166560,00
05;1985;Cr$ 333120,00
06;1985;Cr$ 333120,00
07;1985;Cr$ 333120,00
08;1985;Cr$ 333120,00
09;1985;Cr$ 333120,00
10;1985;Cr$ 333120,00
11;1985;Cr$ 600000,00
12;1985;Cr$ 600000,00
01;1986;Cr$ 600000,00
02;1986;Cr$ 600000,00
03;1986;Cz$ 804,00
04;1986;Cz$ 804,00
05;1986;Cz$ 804,00
06;1986;Cz$ 804,00
07;1986;Cz$ 804,00
08;1986;Cz$ 804,00
09;1986;Cz$ 804,00
10;1986;Cz$ 804,00
11;1986;Cz$ 804,00
12;1986;Cz$ 804,00
01;1987;Cz$ 964,80
02;1987;Cz$ 964,80
03;1987;Cz$ 1368,00
04;1987;Cz$ 1368,00
05;1987;Cz$ 1641,60
06;1987;Cz$ 1969,92
07;1987;Cz$ 1969,92
08;1987;Cz$ 1970,00
09;1987;Cz$ 2400,00
10;1987;Cz$ 2640,00
11;1987;Cz$ 3000,00
12;1987;Cz$ 3600,00
01;1988;Cz$ 4500,00
02;1988;Cz$ 5280,00
03;1988;Cz$ 6240,00
04;1988;Cz$ 7260,00
05;1988;Cz$ 8712,00
06;1988;Cz$ 10368,00
07;1988;Cz$ 12444,00
08;1988;Cz$ 15552,00
09;1988;Cz$ 18960,00
10;1988;Cz$ 23700,00
11;1988;Cz$ 30800,00
12;1988;Cz$ 40425,00
01;1989;NCz$ 63,90
02;1989;NCz$ 63,90
03;1989;NCz$ 63,90
04;1989;NCz$ 63,90
05;1989;NCz$ 81,40
06;1989;NCz$ 120,00
07;1989;NCz$ 149,80
08;1989;NCz$ 192,88
09;1989;NCz$ 249,48
10;1989;NCz$ 381,73
11;1989;NCz$ 557,31
12;1989;NCz$ 788,12
01;1990;NCz$ 1283,95
02;1990;NCz$ 2004,37
03;1990;NCz$ 3674,06
04;1990;Cr$ 3674,06
05;1990;Cr$ 3674,06
06;1990;Cr$ 3857,66
07;1990;Cr$ 4904,76
08;1990;Cr$ 5203,46
09;1990;Cr$ 6056, 31
10;1990;Cr$ 6425,14
11;1990;Cr$ 8329,55
12;1990;Cr$ 8836,82
01;1991;Cr$ 12325,60
02;1991;Cr$ 15895,46
03;1991;Cr$ 17000,00
04;1991;Cr$ 17000,00
05;1991;Cr$ 17000,00
06;1991;Cr$ 17000,00
07;1991;Cr$ 17000,00
08;1991;Cr$ 17000,00
09;1991;Cr$ 42000,00
10;1991;Cr$ 42000,00
11;1991;Cr$ 42000,00
12;1991;Cr$ 42000,00
01;1992;Cr$ 96037,33
02;1992;Cr$ 96037,33
03;1992;Cr$ 96037,33
04;1992;Cr$ 96037,33
05;1992;Cr$ 230000,00
06;1992;Cr$ 230000,00
07;1992;Cr$ 230000,00
08;1992;Cr$ 230000,00
09;1992;Cr$ 522186,94
10;1992;Cr$ 522186,94
11;1992;Cr$ 522186,94
12;1992;Cr$ 522186,94
01;1993;Cr$ 1250700,00
02;1993;Cr$ 1250700,00
03;1993;Cr$ 1709400,00
04;1993;Cr$ 1709400,00
05;1993;Cr$ 3303300,00
06;1993;Cr$ 3303300,00
07;1993;Cr$ 4639800,00
08;1993;CR$ 5534,00
09;1993;CR$ 9606,00
10;1993;CR$ 12024,00
11;1993;CR$ 15021,00
12;1993;CR$ 18760,00
01;1994;CR$ 32882,00
02;1994;CR$ 42829,00
03;1994;URV 64,79
04;1994;URV 64,79
05;1994;URV 64,79
06;1994;URV 64,79
07;1994;R$ 64,79
08;1994;R$ 64,79
09;1994;R$ 70,00
10;1994;R$ 70,00
11;1994;R$ 70,00
12;1994;R$ 70,00
01;1995;R$ 70,00
02;1995;R$ 70,00
03;1995;R$ 70,00
04;1995;R$ 70,00
05;1995;R$ 100,00
06;1995;R$ 100,00
07;1995;R$ 100,00
08;1995;R$ 100,00
09;1995;R$ 100,00
10;1995;R$ 100,00
11;1995;R$ 100,00
12;1995;R$ 100,00
01;1996;R$ 100,00
02;1996;R$ 100,00
03;1996;R$ 100,00
04;1996;R$ 100,00
05;1996;R$ 112,00
06;1996;R$ 112,00
07;1996;R$ 112,00
08;1996;R$ 112,00
09;1996;R$ 112,00
10;1996;R$ 112,00
11;1996;R$ 112,00
12;1996;R$ 112,00
01;1997;R$ 112,00
02;1997;R$ 112,00
03;1997;R$ 112,00
04;1997;R$ 112,00
05;1997;R$ 120,00
06;1997;R$ 120,00
07;1997;R$ 120,00
08;1997;R$ 120,00
09;1997;R$ 120,00
10;1997;R$ 120,00
11;1997;R$ 120,00
12;1997;R$ 120,00
01;1998;R$ 120,00
02;1998;R$ 120,00
03;1998;R$ 120,00
04;1998;R$ 120,00
05;1998;R$ 130,00
06;1998;R$ 130,00
07;1998;R$ 130,00
08;1998;R$ 130,00
09;1998;R$ 130,00
10;1998;R$ 130,00
11;1998;R$ 130,00
12;1998;R$ 130,00
01;1999;R$ 130,00
02;1999;R$ 130,00
03;1999;R$ 130,00
04;1999;R$ 130,00
05;1999;R$ 136,00
06;1999;R$ 136,00
07;1999;R$ 136,00
08;1999;R$ 136,00
09;1999;R$ 136,00
10;1999;R$ 136,00
11;1999;R$ 136,00
12;1999;R$ 136,00
01;2000;R$ 136,00
02;2000;R$ 136,00
03;2000;R$ 136,00
04;2000;R$ 151,00
05;2000;R$ 151,00
06;2000;R$ 151,00
07;2000;R$ 151,00
08;2000;R$ 151,00
09;2000;R$ 151,00
10;2000;R$ 151,00
11;2000;R$ 151,00
12;2000;R$ 151,00
01;2001;R$ 151,00
02;2001;R$ 151,00
03;2001;R$ 151,00
04;2001;R$ 180,00
05;2001;R$ 180,00
06;2001;R$ 180,00
07;2001;R$ 180,00
08;2001;R$ 180,00
09;2001;R$ 180,00
10;2001;R$ 180,00
11;2001;R$ 180,00
12;2001;R$ 180,00
01;2002;R$ 180,00
02;2002;R$ 180,00
03;2002;R$ 180,00
04;2002;R$ 200,00
05;2002;R$ 200,00
06;2002;R$ 200,00
07;2002;R$ 200,00
08;2002;R$ 200,00
09;2002;R$ 200,00
10;2002;R$ 200,00
11;2002;R$ 200,00
12;2002;R$ 200,00
01;2003;R$ 200,00
02;2003;R$ 200,00
03;2003;R$ 200,00
04;2003;R$ 240,00
05;2003;R$ 240,00
06;2003;R$ 240,00
07;2003;R$ 240,00
08;2003;R$ 240,00
09;2003;R$ 240,00
10;2003;R$ 240,00
11;2003;R$ 240,00
12;2003;R$ 240,00
01;2004;R$ 240,00
02;2004;R$ 240,00
03;2004;R$ 240,00
04;2004;R$ 240,00
05;2004;R$ 260,00
06;2004;R$ 260,00
07;2004;R$ 260,00
08;2004;R$ 260,00
09;2004;R$ 260,00
10;2004;R$ 260,00
11;2004;R$ 260,00
12;2004;R$ 260,00
01;2005;R$ 260,00
02;2005;R$ 260,00
03;2005;R$ 260,00
04;2005;R$ 260,00
05;2005;R$ 300,00
06;2005;R$ 300,00
07;2005;R$ 300,00
08;2005;R$ 300,00
09;2005;R$ 300,00
10;2005;R$ 300,00
11;2005;R$ 300,00
12;2005;R$ 300,00
01;2006;R$ 300,00
02;2006;R$ 300,00
03;2006;R$ 300,00
04;2006;R$ 350,00
05;2006;R$ 350,00
06;2006;R$ 350,00
07;2006;R$ 350,00
08;2006;R$ 350,00
09;2006;R$ 350,00
10;2006;R$ 350,00
11;2006;R$ 350,00
12;2006;R$ 350,00
01;2007;R$ 350,00
02;2007;R$ 350,00
03;2007;R$ 350,00
04;2007;R$ 380,00
05;2007;R$ 380,00
06;2007;R$ 380,00
07;2007;R$ 380,00
08;2007;R$ 380,00
09;2007;R$ 380,00
10;2007;R$ 380,00
11;2007;R$ 380,00
12;2007;R$ 380,00
01;2008;R$ 380,00
02;2008;R$ 380,00
03;2008;R$ 415,00
04;2008;R$ 415,00
05;2008;R$ 415,00
06;2008;R$ 415,00
07;2008;R$ 415,00
08;2008;R$ 415,00
09;2008;R$ 415,00
10;2008;R$ 415,00
11;2008;R$ 415,00
12;2008;R$ 415,00
01;2009;R$ 415,00
02;2009;R$ 465,00
03;2009;R$ 465,00
04;2009;R$ 465,00
05;2009;R$ 465,00
06;2009;R$ 465,00
07;2009;R$ 465,00
08;2009;R$ 465,00
09;2009;R$ 465,00
10;2009;R$ 465,00
11;2009;R$ 465,00
12;2009;R$ 465,00
01;2010;R$ 510,00
02;2010;R$ 510,00
03;2010;R$ 510,00
04;2010;R$ 510,00
05;2010;R$ 510,00
06;2010;R$ 510,00
07;2010;R$ 510,00
08;2010;R$ 510,00
09;2010;R$ 510,00
10;2010;R$ 510,00
11;2010;R$ 510,00
12;2010;R$ 510,00
01;2011;R$ 540,00
02;2011;R$ 540,00
03;2011;R$ 540,00
04;2011;R$ 540,00
05;2011;R$ 540,00
06;2011;R$ 540,00
07;2011;R$ 540,00
08;2011;R$ 540,00
09;2011;R$ 540,00
10;2011;R$ 540,00
11;2011;R$ 540,00
12;2011;R$ 540,00
01;2012;R$ 622,00
02;2012;R$ 622,00
03;2012;R$ 622,00
04;2012;R$ 622,00
05;2012;R$ 622,00
06;2012;R$ 622,00
07;2012;R$ 622,00
08;2012;R$ 622,00
09;2012;R$ 622,00
10;2012;R$ 622,00
11;2012;R$ 622,00
12;2012;R$ 622,00
01;2013;R$ 678,00
02;2013;R$ 678,00
03;2013;R$ 678,00
04;2013;R$ 678,00
05;2013;R$ 678,00
06;2013;R$ 678,00
07;2013;R$ 678,00
08;2013;R$ 678,00
09;2013;R$ 678,00
10;2013;R$ 678,00
11;2013;R$ 678,00
12;2013;R$ 678,00
01;2014;R$ 724,00
02;2014;R$ 724,00
03;2014;R$ 724,00
04;2014;R$ 724,00
05;2014;R$ 724,00
06;2014;R$ 724,00
07;2014;R$ 724,00
08;2014;R$ 724,00
09;2014;R$ 724,00
10;2014;R$ 724,00
11;2014;R$ 724,00
12;2014;R$ 724,00
01;2015;R$ 788,00
02;2015;R$ 788,00
03;2015;R$ 788,00
04;2015;R$ 788,00
05;2015;R$ 788,00
06;2015;R$ 788,00
07;2015;R$ 788,00
08;2015;R$ 788,00
09;2015;R$ 788,00
10;2015;R$ 788,00
11;2015;R$ 788,00
12;2015;R$ 788,00
01;2016;R$ 880,00
02;2016;R$ 880,00
03;2016;R$ 880,00
04;2016;R$ 880,00
05;2016;R$ 880,00
06;2016;R$ 880,00
07;2016;R$ 880,00
08;2016;R$ 880,00
09;2016;R$ 880,00
10;2016;R$ 880,00
11;2016;R$ 880,00
12;2016;R$ 880,00
01;2017;R$ 937,00
02;2017;R$ 937,00
03;2017;R$ 937,00
04;2017;R$ 937,00
05;2017;R$ 937,00
06;2017;R$ 937,00
07;2017;R$ 937,00
08;2017;R$ 937,00
09;2017;R$ 937,00
10;2017;R$ 937,00
11;2017;R$ 937,00
12;2017;R$ 937,00
01;2018;R$ 954,00
02;2018;R$ 954,00
03;2018;R$ 954,00
04;2018;R$ 954,00
05;2018;R$ 954,00
06;2018;R$ 954,00
07;2018;R$ 954,00
08;2018;R$ 954,00
09;2018;R$ 954,00
10;2018;R$ 954,00
11;2018;R$ 954,00
12;2018;R$ 954,00
01;2019;R$ 998,00
02;2019;R$ 998,00
03;2019;R$ 998,00
04;2019;R$ 998,00
05;2019;R$ 998,00
06;2019;R$ 998,00
07;2019;R$ 998,00
08;2019;R$ 998,00
09;2019;R$ 998,00
10;2019;R$ 998,00
11;2019;R$ 998,00
12;2019;R$ 998,00
01;2020;R$ 1039,00
02;2020;R$ 1045,00
03;2020;R$ 1045,00
04;2020;R$ 1045,00
05;2020;R$ 1045,00
06;2020;R$ 1045,00
07;2020;R$ 1045,00
08;2020;R$ 1045,00
09;2020;R$ 1045,00
10;2020;R$ 1045,00
11;2020;R$ 1045,00
12;2020;R$ 1045,00
01;2021;R$ 1100,00
02;2021;R$ 1100,00
03;2021;R$ 1100,00
04;2021;R$ 1100,00
05;2021;R$ 1100,00
06;2021;R$ 1100,00
07;2021;R$ 1100,00
08;2021;R$ 1100,00
09;2021;R$ 1100,00
10;2021;R$ 1100,00
11;2021;R$ 1100,00
12;2021;R$ 1100,00
01;2022;R$ 1212,00
02;2022;R$ 1212,00
03;2022;R$ 1212,00
04;2022;R$ 1212,00
05;2022;R$ 1212,00
06;2022;R$ 1212,00
07;2022;R$ 1212,00
08;2022;R$ 1212,00
09;2022;R$ 1212,00
10;2022;R$ 1212,00
11;2022;R$ 1212,00
12;2022;R$ 1212,00
01;2023;R$ 1302,00
02;2023;R$ 1302,00
03;2023;R$ 1302,00
04;2023;R$ 1302,00
05;2023;R$ 1320,00
06;2023;R$ 1320,00
07;2023;R$ 1320,00
08;2023;R$ 1320,00
09;2023;R$ 1320,00
10;2023;R$ 1320,00
11;2023;R$ 1320,00
12;2023;R$ 1320,00
01;2024;R$ 1412,00
02;2024;R$ 1412,00
03;2024;R$ 1412,00
04;2024;R$ 1412,00
05;2024;R$ 1412,00
06;2024;R$ 1412,00
07;2024;R$ 1412,00
08;2024;R$ 1412,00
09;2024;R$ 1412,00
10;2024;R$ 1412,00
11;2024;R$ 1412,00
12;2024;R$ 1412,00
01;2025;R$ 1518,00
02;2025;R$ 1518,00
03;2025;R$ 1518,00
04;2025;R$ 1518,00
05;2025;R$ 1518,00
06;2025;R$ 1518,00
07;2025;R$ 1518,00
08;2025;R$ 1518,00
09;2025;R$ 1518,00
10;2025;R$ 1518,00
11;2025;R$ 1518,00
12;2025;R$ 1518,00
01;2026;R$ 1621,00
02;2026;R$ 1621,00
03;2026;R$ 1621,00
04;2026;R$ 1621,00
05;2026;R$ 1621,00
06;2026;R$ 1621,00
07;2026;R$ 1621,00
08;2026;R$ 1621,00
09;2026;R$ 1621,00
10;2026;R$ 1621,00
11;2026;R$ 1621,00
12;2026;R$ 1621,00